title,date,content
[코인뉴스] 비트코인에 진심인 엘살바도르…부켈레 대통령 “싼값에 매도 고맙다”,2022-07-01,반복되는 저가매수 재정 위기 우려는 여전나이브 부켈레 엘살바도르 대통령 왼쪽 이 멕시코 안드레스 마누엘 로페스 오브라도르 대통령과 기념촬영을 하고 있다 ⓒAP 뉴시스 데일리안   이건엄 기자  엘살바도르가 비트코인에 명운을 걸었다  잇따른 하락장 속에서도 또 다시 비트코인 대량 매수에 나서며 아슬아슬한 줄타기를 하고 있다는 평가다  엘살바도르가 최근 비트코인 급락 여파로 부도에 대한 우려가 커지고 있는 만큼 향후 시세 변동에 관심이 모아진다 나이브 쿠켈레 Nayib Bukele  엘살바도르 대통령은 1일 현지시간  자신의 트위터를 통해 지난 30일 현지시간  기준 80비트코인을 추가 매입했다고 밝혔다  그가 밝힌 평단가는 1만9000달러 한화 약 2467만원 다 이어  비트코인이 미래 라며  싸게 매도해준 당신에게 감사한다 고 덧붙였다 부켈레 대통령은 하락장이 도래할 때마다 저가 매수 사실을 트위터에 공개하고 있다  앞서 지난 5월 10일에도 평균 단가 3만744달러 한화 약 3992만원 에 비트코인 500개를 매입하며 많은 이들의 놀라움을 자아냈다  이는 엘살바도르가 비트코인을 법정화폐로 지정한 이후 최대 규모의 매수다 부켈레 대통령은 지난해에도 9월  10월  12월에 각각 150개  450개  150개의 비트코인을 저점 매수했다고 밝힌 바 있다 문제는 최근 글로벌 경기 침체로 비트코인 가치가 지속적으로 하락하고 있는데다 엘살바도르의 재정 상황도 악화일로를 걷고 있다는 점이다  이 때문에 국제통화기금 IMF 은 물론 글로벌 신용평가사들도 엘살바도르에 대한 우려를 지속적으로 표하고 있다 글로벌 신용평가사 피치는 내년 1월로 예정된 8억 달러의 글로벌 채권 상환을 앞두고 엘살바도르에서 금융 위기가 고조되고 있다는 점을 근거로 들며 국가 신용등급을 기존  B  에서  CCC 로 하향했다 IMF 역시 지난해 11월 22일 엘살바도르 방문을 토대로 낸 보고서에서  비트코인의 높은 가격 변동성을 고려할 때 비트코인을 법정통화로 사용하는 것은 소비자 보호와 재정 건전성  재정 안정성에 중대한 위험을 수반한다 고 지적했다 한편 비트코인은 2600만원대가 무너지며 불안한 모습을 보이고 있다  암호화폐 거래소 업비트에 따르면 이날 오후 4시 기준 1비트코인은 2553만3000원으로 전날 대비 1 8% 하락했다  빗썸에서는 1 1% 오른 2550만8000원에 거래되고 있다  이더리움은 같은시간 업비트와 빗썸에서 각각 138만9000원  138만8000원을 기록 중이다 
7월부터 1억 넘는 대출에도 ‘DSR 40%’ 규제 받는다,2022-07-01, 서울 뉴시스  정병혁 기자   금융당국과 금융권에 따르면 금융위원회는 오는 7월부터 차주별 DSR 규제 적용 대상을 총대출액 1억원 초과 차주까지 확대하는 방안을 시행키로 했다  오는 7월부터 차주별 총부채원리금상환비율 DSR  3단계가 시행될 경우  전체 대출자의 약 18% 가량이 더 이상 신규대출을 받을 수 없을 것으로 예상된다  사진은 17일 서울시내 한 은행의 대출창구의 모습  2022 05 17  jhope newsis com7월부터 개인별로 대출이 1억원을 넘는 경우  총부채원리금상환비율 DSR  40% 제한  규제가 적용된다  연간 원리금 상환액이 연 소득의 40% 2금융권은 50% 를 넘을 수 없다  대출 규제를 강화해 주택담보대출 등이 늘어나지 않도록 고삐를 죄겠다는 것이다  지난달까지는 총 대출액 2억원 초과인 경우에만 해당됐다  금융 당국은 전체 대출자 3명 중 1명 29 8% 이 이렇게 강화된 DSR 규제 대상이 될 것으로 보고 있다  기존에는 전체 대출자의 13 2%만 규제를 받았다 정부는 대출 규제를 완화하겠다고 했지만  DSR 규제는 문재인 정부에서 결정한 대로 두기로 했다  한국은행이 인플레이션 대응을 위해 기준금리를 인상하면서 금리 인상기로 접어드는데 가계 부채가 늘어날 경우 우리 경제의 부실 뇌관이 될 수 있기 때문이라고 설명한다  갚을 수 있을 만큼만 대출하도록 하겠다는 것이다 반면  이르면 7월부터 생애 최초 주택 구입자의 주택담보인정비율 LTV 은 80%로 상향된다  구입하려는 주택의 소재지나 가격  구입자의 연령이나 부부 소득과 관계없이  생애 최초 이면 된다  현행은 50 70%다  총 대출 한도도 4억원에서 6억원으로 늘어난다 소득이 적은 젊은 층에 대해서는 장래 소득 반영을 확대해 대출액을 늘려주기로 했다  장래 소득 산출 방식을 변경할 예정이다  20대 초반 대출자의 장래 소득 30년 만기 시  추가분은 현행 38 1%에서 51 6%로 늘어나고  30대 초반의 장래 소득 20년 만기 은 12%에서 17 7%로 확대된다 시중 금리 인상으로 변동금리 주택대출의 이자 부담이 커지는 것을 감안해 장기 고정금리 정책모기지로 대출 갈아타기 안심전환대출 를 할 수 있도록 지원해주기로 했다  오는 9월 중에 신청을 받을 예정인데  은행과 저축은행 등 1 2금융권에서 변동금리 대출을 받은 경우가 대상이다  부부 합산 소득이 7000만원 이하이고 주택 시가가 4억원 이하여야 한다  대출 한도는 2억5000만원이다  대환 시점의 보금자리론 금리보다 최대 0 3%포인트 낮은 금리를 적용받는다  오는 9월 중 신청받을 예정이다 
"""먹구름 드리운 증시""…코스피·코스닥 하락 마감",2022-07-01,국내증시  경기침체 반도체 업황 우려에 하락코스피 장중 한때 2 300선 붕괴원 달러 환율 1 297 30원국내 증시가 외국인과 기관의 매도세에 일제히 하락했다 간밤 미국 증시가 경기 침체 우려에 급락한 가운데  마이크론이 기대에 못 미치는 실적 전망치를 발표하며 반도체 업황 우려를 키운 점이 우리 증시를 압박했다 삼성전자는 52주 신저가를 기록했고 SK하이닉스는 3% 넘게 하락했다 LG에너지솔루션  엘앤에프  에코프로비엠 등 2차전지 관련주도 큰 폭으로 하락했다 또한 오전까지 순매수하던 기관이 오후들어 매도세로 돌아선 점도 악재로 작용했다 1일 코스피 지수는 전 거래일 대비 27 22포인트 1 17%  내린 2 305 42에 마감하며 2 300선을 간신히 지켜냈다 지수는 전 거래일 대비 12 22포인트 0 52%  오른 2 344 86에 출발했지만 오후 들어 낙폭이 커지며 장중 한때 2 300선이 무너지기도 했다 이는 지난 2020년 11월 2일 이후 약 1년 8개월 만이다 유가증권시장에서는 개인이 홀로 3 316억 원 사들인 가운데  외국인과 기관이 각각 3 444억 원  60억 원 팔아치우며 지수를 끌어내렸다 코스피 시가총액 상위 10개 종목은 기아  0 91% 를 제외하고 일제히 하락했다 대장주 삼성전자가 1 40% 하락한 가운데  LG에너지솔루션  3 91%   SK하이닉스  3 85%   삼성바이오로직스  1 14%   삼성전자우  0 96%   NAVER  1 25%   현대차  0 28%   LG화학  1 36%   삼성SDI  3 76%  등이 내렸다 코스닥 지수는 전 거래일 대비 15 96포인트 2 14%  내린 729 48에 마감했다 코스닥 시장에서도 개인이 홀로 2 061억 원 순매수한 반면 외국인과 기관이 각각 1 002억 원  684억 원 순매도했다 코스닥 시가총액 상위 10개 종목도 대체로 하락했다 셀트리온헬스케어  1 31%   스튜디오드래곤  0 43%   CJ ENM  0 11%  등이 올랐고  엘앤에프  5 48%   카카오게임즈  1 63%   HLB  1 27%   펄어비스  3 62%   셀트리온제약  0 25%   에코프로비엠  4 32%   알테오젠  5 56% 는 내렸다 개장 직후 12원 넘게 하락 출발한 원 달러 환율은 오후들어 낙폭을 줄이고 1 300원 부근까지 올라왔다 이날 서울 외환시장에서 원 달러 환율은 전일 대비 4 20원 내린 1 297 30원에 마감했다 한편 현지시간 4일 미국 증시는 독립기념일을 맞아 휴장한다 
이번엔 레미콘운송노조 총파업…건설업계 우려에 국토부 물밑대응,2022-07-01,국토부  간담회 개최 등 건설업계 영향 파악 나서건설업계  수익 악화 우려 장마철後 본격 현장 타격 레미콘운송노동조합원들이 1일 오전 서울 세종대로 광화문사거리 일대에서 열린 생존권사수결의대회에서 묵념을 하고 있다  2022 7 1 뉴스1 © News1 이동해 기자 서울 뉴스1  김진 기자 박승희 기자    화물연대 사태  종료 보름 만인 1일 레미콘운송노동자들이 집단운송거부 총파업 에 돌입했다  건설업계를 중심으로 연이은 파업을 우려하는 목소리가 나오면서 국토교통부도 물밑 대응에 나섰다 뉴스1 취재를 종합하면 국토부는 이번 파업과 관련해 지난달 27일 대한건설협회  대한전문건설협회  한국레미콘공업협회 등과 간담회를 비롯한 물밑 대응을 진행하고 있다  국토부는 이번 파업 대응의 주무부처가 아니지만 건설업계 타격이 불가피한 만큼 선제적으로 업계 영향을 파악 중이다 무기한 파업에 나선 한국노총 레미콘운송노동조합의 요구사항은 Δ적정운송료 보장 Δ펌프카 레미콘차량 배기구방향 개선 Δ레미콘차량 연식제한 규제 철회 Δ레미콘운송 노동자 노동 3권 보장 Δ건설현장 안전사고 대책 강구 등 다섯 가지다  서울 인천 경기 등 수도권 레미콘운송노동자의 95% 이상이 참여한다 주요 쟁점은 적정운송료 보장 및 노동 3권 보장으로 고용노동부 소관이다  노조는 1회전당 레미콘운송료를 현행 5만6000원에서 7만1000원으로 1만5000원 27%  인상하고  경기지부와 마찬가지로 다른 지부의 노조 자격을 인정해 줄 것을 요구 중이다  이날 오전 서울 종로구 동화면세점 앞에서 열린 결의대회에는 조합원 6000여명이 참석했다 건설업계는 당장 영향은 제한적일 것으로 보고 있다  파업 영향 지역인 수도권의 경우 최근 장마로 레미콘 타설 공정이 한동안 진행되지 않기 때문이다 다만 파업 장기화 시 공기 지연에 따른 피해를 우려하고 있다  레미콘은 시멘트에 골재  혼합제 등을 반죽해 현장까지 1시간 내외로 도착해야 하는 만큼 재료를 비축해 둘 수 없다  지난달 화물연대 파업 당시 대체 공정이 대부분 이뤄지면서 이번 파업이 길어지면 속절없이 공사를 중단해야 한다는 위기감도 감지된다 한 건설업계 관계자는 통화에서  공기가 정해져 있다 보니까 건설사 입장에서는 빨리 해결될 수 있는 부분이 있으면 좋겠다 며  전반적으로 공사 비용이 많이 상승한 상태에서 또 무리한 파업을 하는 것 자체가 많이 곤란하다 고 말했다 한 중견 건설업체 관계자는  자잿값이라든지 다른 경영 수익 악화 가능성이 있어 힘든 상황 이라며   장마철이 끝나  본격적으로 공사가 재개될 때까지 문제가 되면 현장에 어려움이 클 것 이라고 말했다 레미콘운송노동자들의 파업은 1년 단위로 진행되는 운송료 협상에 따라 매년 여름마다 이뤄진다  이로 인해 레미콘업계에서는 지난 14년간 영업용 믹서트럭 차량 증차를 제한한 건설기계 수급조절제를 지적하는 목소리가 나온다  차량 대수를 제한하면서 운송노동자들이 기득권을 갖게 됐다는 주장이다 다만 국토부는 이러한 주장에는 선을 긋고 있다  국토부 관계자는  대수 제한은 영업용 차량에 대해서만 이뤄지며  레미콘 업체가 직접 운영할 수 있는 차량의 수는 제한하고 있지 않다 고 말했다  이어  전체 레미콘 출하량 대비 대수를 검토한 연구용역 결과를 감안해 적정수준을 유지 중 이라고 설명했다 노조가 국토부에 요구한 펌프카 레미콘차량 배기구방향 개선 역시 현 단계에서는 논의 대상이 아니다  이 관계자는  구조 변경 시 안전상 문제가 우려된다는 제작사 측 우려가 있는 사항 이라며  현재는 관계부처 간 상황을 공유하고 업계 영향을 파악해 장기화에 대비할 것 이라고 말했다 노사는 이날 오후 제4차 협상을 진행 중이지만 양측 모두 당장의 타결 가능성은 낮게 보고 있다  한 업계 관계자는  전국레미콘운송총연합회 전운련 이 노조로 출범한 이후 첫 번째 대규모 파업 이라며  사측은 9%대 인상안을 제시 중인 만큼 양측이 합의점을 찾는 데 시간이 걸릴 것으로 보인다 고 말했다 
"신한은행서도 외환 이상 거래 포착…금감원, 검사 돌입",2022-07-01,서울 여의도 소재 금융감독원 본원 전경  ⓒ데일리안 데일리안   부광우 기자  금융감독원이 통상적인 범위를 벗어난 외환거래가 지속돼온 정황이 파악된 신한은행을 상대로 검사에 착수했다 1일 금융권에 따르면 최근 금감원은 신한은행으로부터 외국환 이상 거래 현황을 보고 받고 관련 지점에 대한 현장 검사에 착수한 것으로 알려졌다 신한은행의 외국환 이상 거래 액수는 앞서 문제가 불거진 우리은행의 8000억원 규모에 버금가는 것으로 전해졌다 우리은행은 서울의 한 지점에서 외환거래를 통해 최근 1년 간 8000억원 가량이 송금된 사실을 포착해 금감원에 보고했다  이를 두고 금감원은 외국환거래법 위반이 있는지를 들여다보고 있다 
잘 나가던 2차전지株…LG엔솔 흔들리자 '와르르',2022-07-01,LG엔솔 밸류체인 종목들 일제히 내려美 공장 투자 보류에 의무보유 물량 해제까지사진 게티이미지뱅크2차전지 대장주인 LG에너지솔루션이 흔들리자 2차전지주 전반에 대한 변동성으로 이어지고 있다  LG에너지솔루션 밸류체인에 포함된 배터리 소재 업체들의 주가도 급락하면서다 1일 한국거래소에 따르면 LG에너지솔루션은 전 거래일 보다 1만4500원 3 91%  내린 35만6500원에 거래를 마쳤다  시가총액도 지난달 27일 대비 4거래일 만에 13조1000억원 넘게 증발했다 이달 중 LG에너지솔루션 의무보유 물량 1억9150만주가 해제된다는 소식이 전해지면서 투자심리는 더욱 악화하고 있다  미국 배터리 공장 재검토로 이미 투심이 얼어붙은 상황에서 의무보유 물량이 대거 풀릴 경우 주가 상승에 악재로 작용할 것이기 때문이다 이외에도 2차전지 관련주가 동반으로 급락세를 보였다  엘앤에프는 전날보다 1만1500원 5 48%  내린 19만8500원에 장을 끝냈다  에코프로비엠  4 32%   나노신소재 3 71%   천보 1 25%  등이 내렸다 이날은 삼성SDI와 SK이노베이션도 각각 2만 3 76%   1만4500원 7 55%  내린 51만2000원과 17만7500원에 장을 끝냈다 2차전지주들은 일반적으로 대장주인 LG에너지솔루션의 영향을 크게 받는 경향을 보이고 있다  시장에서 LG에너지솔루션의 몸집이 큰 만큼 엮여있는 기업도 많고  전체 2차전지주의 투자심리에 크게 영향을 주기 때문이다 일각에선 2차전지 관련주의 주가가 전반적으로 빠진 이유는 회사 개별적인 이슈보다는 섹터가 약세를 보이고 있는 것이란 분석까지 나온다 
잘 나가던 2차전지株…LG엔솔 흔들리자 '와르르',2022-07-01,LG엔솔 밸류체인 종목들 일제히 내려美 공장 투자 보류에 의무보유 물량 해제까지사진 게티이미지뱅크2차전지 대장주인 LG에너지솔루션이 흔들리자 2차전지주 전반에 대한 변동성으로 이어지고 있다  LG에너지솔루션 밸류체인에 포함된 배터리 소재 업체들의 주가도 급락하면서다 1일 한국거래소에 따르면 LG에너지솔루션은 전 거래일 보다 1만4500원 3 91%  내린 35만6500원에 거래를 마쳤다  시가총액도 지난달 27일 대비 4거래일 만에 13조1000억원 넘게 증발했다 이달 중 LG에너지솔루션 의무보유 물량 1억9150만주가 해제된다는 소식이 전해지면서 투자심리는 더욱 악화하고 있다  미국 배터리 공장 재검토로 이미 투심이 얼어붙은 상황에서 의무보유 물량이 대거 풀릴 경우 주가 상승에 악재로 작용할 것이기 때문이다 이외에도 2차전지 관련주가 동반으로 급락세를 보였다  엘앤에프는 전날보다 1만1500원 5 48%  내린 19만8500원에 장을 끝냈다  에코프로비엠  4 32%   나노신소재 3 71%   천보 1 25%  등이 내렸다 이날은 삼성SDI와 SK이노베이션도 각각 2만 3 76%   1만4500원 7 55%  내린 51만2000원과 17만7500원에 장을 끝냈다 2차전지주들은 일반적으로 대장주인 LG에너지솔루션의 영향을 크게 받는 경향을 보이고 있다  시장에서 LG에너지솔루션의 몸집이 큰 만큼 엮여있는 기업도 많고  전체 2차전지주의 투자심리에 크게 영향을 주기 때문이다 일각에선 2차전지 관련주의 주가가 전반적으로 빠진 이유는 회사 개별적인 이슈보다는 섹터가 약세를 보이고 있는 것이란 분석까지 나온다 
"[외환마감]환율, 1원 가량 하락 그쳐…3개월 연속 무역적자에 낙폭↓",2022-07-01,달러인덱스 104선에서 상승폭 소폭 키워국내증시 외국인 매도에 1 2%대 하락우리나라 무역수지 3개월 연속 적자 기록 이데일리 이윤화 기자  원 달러 환율이 8원 이상 하락 출발해 1280원대까지 하락했으나 낙폭을 대부분 되돌려 1290원대에서 1원 가량 하락 마감했다  글로벌 달러인덱스가 104선에서 소폭 상승세로 전환한 가운데 우리나라 6월 무역수지 3개월 연속 적자 기록 소식에 위험회피 심리가 강해지면서 국내증시도 1 2% 가량 떨어졌다 사진 AFP1일 서울외국환중개에 따르면 환율은 전 거래일 종가 1298 40원  대비 1 10원 내린 1297 30원에 마감했다  전날 0 60원 하락한 뒤 이틀 연속 1290원대에서 하락한 것이다  이날 환율은 전일 대비 8 40원 내린 1290 0원에 시작해 장초반 1288 80원까지 하락했으나 점차 낙폭을 줄여 1원 가량의 하락폭으로 마감했다 이날 환율이 하락폭을 줄인 것은 글로벌 달러인덱스가 아시아 시장에서 104선에서 소폭 오르며 분위기를 바꾼 점과 국내증시의 하락세 전환 등의 영향이다  미국 5월 개인소비지출 PCE  가격지수 지표를 소화한 뒤 달러인덱스는 104선에서 하락하던 움직임을 틀어 상승세로 전환했다  달러인덱스는 현지시간 이날 오전 2시 30분께 전일 대비 0 25포인트 오른 104 96을 나타내고 있다  유로화가 달러 대비 0 35% 하락한 1 0450유로를 나타내는 등 다른 통화가 약세 흐름을 보이고 있어서다 국내증시도 외국인 투자자의 순매도 규모 확대 등에 장초반 상승하던 흐름을 뒤집고 1 2% 하락세로 마감했다  이날 외국인 투자자는 코스피 시장에서 3500억언  코스닥 시장에서 1000억원 가량 팔면서 지수는 각각 1 17%  2 14% 가량 하락했다  코스피 지수는 외국인 투자자의 매도세에 장중 2300선이 깨지면서 1년 8개월만에 저점을 기록하기도 했다  마감가로는 2305 42를 기록 턱걸이로 2300선을 겨우 지켜냈다 국내증시 하락은 6월 무역수지 적자 소식 등에 위험회피 심리가 강해진 영향이다  1일 산업통상자원부가 발표한  6월 수출입 동향 에 따르면 지난달 무역수지는 24억7000만달러 적자를 기록해 지난 4월 이후 3개월 연속 적자를 보였다  무역수지가 3개월 연속 적자를 기록한 건 글로벌 금융위기가 닥쳤던 2008년 6 9월 이후 처음이다 한편  이날 서울외국환중개와 한국자금중개에서 거래된 규모는 76억4300만달러로 집계됐다 
[스톡톡스]“대형株 흔들림 시작…코스피 전망 낙관 어렵다”,2022-07-01,이웅찬 하이투자증권 연구원 이데일리 이지현 기자   현재 인플레이션 우려가 많이 없어지자 리세션 Recession  경기 하강  국면 우려가 커지고 있다  대형종목들이 흔들리고 있어 앞으로  코스피 지수가 세게 못 갈 것 같다  이웅찬 하이투자증권 연구원은 1일 이데일리와의 통화에서 이같이 전망했다 이날 코스피지수는 2291선을 터치했다  2020년 11월 이후 1년 8개월만의 2200선이다  장을 마치며 다시 2300선을 회복했지만  이미 아래로 향한 방향을 돌리기엔 역부족인 모습이었다  결국 코스피 지수는 전 거래일보다 27 22포인트 1 17%  내린 2305 42에 거래를 마쳤다 이웅찬 연구원은  시가총액 상위주 위주로 하락하고 있다 며  삼성전자 005930 와 SK하이닉스 000660  반도체 대형주가 리세션 우려에 하락하고 있다  그런데 리세션은 시작도 안 했다  지금부터 이러니 앞으로 어떻게 될 지 모르겠다 고 말했다 시총 2위 LG에너지솔루션 373220 도 3 91% 1만4500원 나 내린 35만6500원에 장을 마쳤다  이달 말로 다가온 기관 6개월 보호예수 물량이 시장에 대거 쏟아질 것으로 전망되자  이를 우려한 매도 물량이 먼저 풀리며 하락을 부추기고 있는 것으로 보인다 이 연구원은  기관들도 솔직히 시총이 과도하다는 걸 알고 받은 상황 이라며  락업이 해제되면 그동안 혼자 버티던 2차전지 주가 정상화하는 과정을 거칠 것 이라고 전망했다 문제는 시총 상위주가 무너지면 코스피지수도 버티지 못한다는 점이다  삼성전자와 LG엔솔  SK하이닉스 시총 비중만 코스피 26%에 이른다 이 연구원은  앞으로 지수가 세게 못 갈 확률이 높다 면서도  앞으로 경기에 민감하지 않는 종목들  캐시플로어가 괜찮은 종목들에 집중한다는 기회가 있을 것 이라고 말했다 
"SK에코플랜트, 기업가치 15조에 6000억 투자유치 확정…조건 들여다보니 [시그널]",2022-07-01,투자자  내년 상장 시 우선주 >보통주 5배 확보SK에 매도청구 주요 경영 사항에 동의권이사 1명 지명권도SK에코플랜트가 인수한 테스의 전기차용 배터리 재활용 처리 시설 사진제공 TES 서울경제 SK 034730 에코플랜트가 15조원의 기업가치를 인정받으며 6000억 원의 프리 IPO 상장 전 투자 유치 에 성공했다  기존 투자금을 합쳐 1조원 실탄을 모은 SK에코플랜트는 환경사업에 전념하는 한편 앞으로 있을 상장 과정에서 높은 몸값을 기대할 수 있게 됐다 1일 SK에코플랜트는 이사회 결의에 따라 6000억 원 규모 전환우선주 CPS 를 제3자 배정 방식으로 발행한다고 공시했다  프리미어파트너스 이음프라이빗에쿼티 PE  브레인자산운용 등이 참여하며 133만주 규모로 3 8%의 지분에 해당한다  지난달 발행한 4000억 원 규모 상환전환우선주 RCPS 를 포함하면 총 1조 원의 자본을 확충하는 셈이다  4000억 원 투자자는 한국투자증권 미래에셋증권 글랜우드크레딧이다  이들은 지분 44 95%를 보유한 SK 주 와 특수관계인에 이어 주요 주주가 된다 회사는 투자금의 상환권을 회사가 가지기 때문에 회계기준 상 부채가 아닌 자본으로 분류된다고 설명했다  이에 따라 부채비율은 362%에서 300% 초반 수준으로 낮아진다 회사는 이번에 조달한 자금으로 환경과 신재생에너지 사업에 투자하고 재무구조를 개선할 것이라고 밝혔다  SK에코플랜트는 싱가포르 전자폐기물 처리기업 테스를 인수했고  말레이시아 폐기물 처리기업 센바이로 지분 30%를 투자했다  또한 내년을 목표로 상장에 나설 계획이다 6000억 원 전환우선주 투자 계약 조건에도 관심이 쏠린다 투자자들은 우선주 형태로 주식을 받고 이 중 70%는 상장 완료날이나 최대주주인 SK 주  매도청구권 행사 기간 완료일 중 먼저 도래하는 날 보통주로 바꿀 수 있다  나머지 30%는 보호예수 기간이 끝나면 보통주로 전환할 수 있다 우선주 1주당 보통주 5주로 바꾸기 때문에 투자자는 총 666만주의 주식을 갖게 된다  만약 투자자가 SK에 지분을 되사달라는 요구가 실행되지 않으면 5%인 우선배당율은 매년 3%포인트씩 올라간다  회사의 부담이 커지는 셈이다 SK에코플랜트는 기업공개를 위해 최선을 다해야 하며  만약 실패한다면 대주주인 SK는 투자자 지분을 일정 가격에 되사거나 특정인에게 팔도록 요구할 수 있다  투자자 역시 대주주와 투자자 지분을 묶어 팔도록 요구할 수 있다  회사는 정관개정이나 신주발행 등 중요한 경영 사항을 결정하기 전 투자자의 동의를 받아야 한다  투자자는 이사회에 이사 한 명을 지명해 관여하게 된다 SK에코플랜트는 환경사업을 단순 폐기물 처리사업이 아닌 순환경제의 새로운 에너지 사업으로 보고 있으며  앞으로 혁신기술과 인공지능  디지털 전환 기술을 활용해 전세계 환경시장에 진출할 것이라고 강조했다 
"SK에코플랜트, 기업가치 15조에 6000억 투자유치 확정…조건 들여다보니 [시그널]",2022-07-01,투자자  내년 상장 시 우선주 >보통주 5배 확보SK에 매도청구 주요 경영 사항에 동의권이사 1명 지명권도SK에코플랜트가 인수한 테스의 전기차용 배터리 재활용 처리 시설 사진제공 TES 서울경제 SK 034730 에코플랜트가 15조원의 기업가치를 인정받으며 6000억 원의 프리 IPO 상장 전 투자 유치 에 성공했다  기존 투자금을 합쳐 1조원 실탄을 모은 SK에코플랜트는 환경사업에 전념하는 한편 앞으로 있을 상장 과정에서 높은 몸값을 기대할 수 있게 됐다 1일 SK에코플랜트는 이사회 결의에 따라 6000억 원 규모 전환우선주 CPS 를 제3자 배정 방식으로 발행한다고 공시했다  프리미어파트너스 이음프라이빗에쿼티 PE  브레인자산운용 등이 참여하며 133만주 규모로 3 8%의 지분에 해당한다  지난달 발행한 4000억 원 규모 상환전환우선주 RCPS 를 포함하면 총 1조 원의 자본을 확충하는 셈이다  4000억 원 투자자는 한국투자증권 미래에셋증권 글랜우드크레딧이다  이들은 지분 44 95%를 보유한 SK 주 와 특수관계인에 이어 주요 주주가 된다 회사는 투자금의 상환권을 회사가 가지기 때문에 회계기준 상 부채가 아닌 자본으로 분류된다고 설명했다  이에 따라 부채비율은 362%에서 300% 초반 수준으로 낮아진다 회사는 이번에 조달한 자금으로 환경과 신재생에너지 사업에 투자하고 재무구조를 개선할 것이라고 밝혔다  SK에코플랜트는 싱가포르 전자폐기물 처리기업 테스를 인수했고  말레이시아 폐기물 처리기업 센바이로 지분 30%를 투자했다  또한 내년을 목표로 상장에 나설 계획이다 6000억 원 전환우선주 투자 계약 조건에도 관심이 쏠린다 투자자들은 우선주 형태로 주식을 받고 이 중 70%는 상장 완료날이나 최대주주인 SK 주  매도청구권 행사 기간 완료일 중 먼저 도래하는 날 보통주로 바꿀 수 있다  나머지 30%는 보호예수 기간이 끝나면 보통주로 전환할 수 있다 우선주 1주당 보통주 5주로 바꾸기 때문에 투자자는 총 666만주의 주식을 갖게 된다  만약 투자자가 SK에 지분을 되사달라는 요구가 실행되지 않으면 5%인 우선배당율은 매년 3%포인트씩 올라간다  회사의 부담이 커지는 셈이다 SK에코플랜트는 기업공개를 위해 최선을 다해야 하며  만약 실패한다면 대주주인 SK는 투자자 지분을 일정 가격에 되사거나 특정인에게 팔도록 요구할 수 있다  투자자 역시 대주주와 투자자 지분을 묶어 팔도록 요구할 수 있다  회사는 정관개정이나 신주발행 등 중요한 경영 사항을 결정하기 전 투자자의 동의를 받아야 한다  투자자는 이사회에 이사 한 명을 지명해 관여하게 된다 SK에코플랜트는 환경사업을 단순 폐기물 처리사업이 아닌 순환경제의 새로운 에너지 사업으로 보고 있으며  앞으로 혁신기술과 인공지능  디지털 전환 기술을 활용해 전세계 환경시장에 진출할 것이라고 강조했다 
"""일하지 않는 시간 급여 왜 줘야 하나""...고개 드는 '주휴수당 폐지론'",2022-07-01,내년도 실질 시급 1만1544원   월급은 200만원 넘어 경제개발시대 산물  무노동 무임금 원칙에 맞지 않아  지적도 이데일리TV 심영주 기자  내년 최저임금이 올해보다 5% 오른 시간당 9620원으로 확정된 가운데 자영업자와 소상공인 등을 중심으로  주휴수당 폐지론 이 떠오르고 있다  최저임금 인상폭이 가파른 상황에서 주휴수당이라도 없애 자영업자의 인건비 부담을 줄여줘야 한다는 주장이다 코로나피해자영업총연합 회원들이 30일 서울 여의도 국회 앞에서 2023년도 최저임금 관련 자영업자 입장 발표 기자회견을 하며 최저임금 관련 규탄 구호를 외치고 있다  사진 뉴시스 최근 자영업자와 소상공인들이 많이 찾는 온라인 커뮤니티에는 주휴수당 폐지를 주장하는 글이 잇따라 올라오고 있다 주휴수당은 일주일에 하루를 쉬는 날로 보장하고 임금도 함께 지급하는 제도다  주 15시간 일한 근로자는 일주일마다 하루 유급휴일을 받을 수 있다  1953년 근로기준법 제정 당시 휴일도 없이 장시간 노동하며 저임금을 받는 근로자들을 보호하자는 취지에서 도입됐다 하지만 자영업자와 소상공인을 중심으로는 주휴수당을 폐지해야 한다는 목소리가 높다  근 몇 년 사이 최저임금이 가파르게 상승하며 영세 자영업자들의 인건비 부담이 커졌기 때문이다 내년도 최저임금인 9620원을 기준으로 계산하면 주휴수당을 포함한 실질 시급은 1만1544원  월급 월 노동시간 209시간 기준 은 201만580원이 된다 특히 주휴수당이  무노동 무임금  원칙에 위배된다는 지적이 제기되면서 시대에 맞게 주휴수당 폐지를 공론화해야 한다는 주장이 나온다 한 자영업자는  최저임금 오르는 건 이해한다  하지만 주휴수당은 일을 하지 않는데 왜 급여가 발생하냐 며  일하지 않는 시간에 급여를 줘야 하는 이유가 전혀 없다 고 꼬집었다  또 다른 자영업자는  정규직처럼 최소 1 2년 이상 다니는 사람들이야 주휴수당을 주는 게 맞더라도 길게는 1년  짧게는 한두 달 다니다가 수틀리면 나가는 아르바이트생들한테까지 주휴수당이랑 건강보험  연금을 왜 적용하는지 모르겠다 고 토로했다 그런가 하면  예전 경제개발시대 때는 기본급이 낮으니  임금을  보충해 주는 차원에서 줬는데 지금 시대에는 전혀 안 맞는다  등 주휴수당 제도가 시대에 뒤떨어진다는 지적도 나왔다 상황이 이렇다 보니 자영업자들 사이에서는 주휴수당 지급 의무가 없는 주 15시간 이하로 직원을 고용하는 이른바  쪼개기 고용 을 하는 사례가 늘고 있다  이 탓에 벌이가 충분하지 못한 이들은 여러 단기 일자리를 전전하는  메뚜기 알바 로 몰리고 있다 한편 한국외식업중앙회와 한국유흥음식업중앙회 등 자영업자 단체 14곳으로 구성된  코로나피해자영업총연합 은 지난 30일 서울 여의도 국회 정문 앞에서 기자회견을 열고 최저임금위원회의 최저임금 인상 결정을 규탄하며 주휴수당 폐지를 촉구했다 
"""일하지 않는 시간 급여 왜 줘야 하나""...고개 드는 '주휴수당 폐지론'",2022-07-01,내년도 실질 시급 1만1544원   월급은 200만원 넘어 경제개발시대 산물  무노동 무임금 원칙에 맞지 않아  지적도 이데일리TV 심영주 기자  내년 최저임금이 올해보다 5% 오른 시간당 9620원으로 확정된 가운데 자영업자와 소상공인 등을 중심으로  주휴수당 폐지론 이 떠오르고 있다  최저임금 인상폭이 가파른 상황에서 주휴수당이라도 없애 자영업자의 인건비 부담을 줄여줘야 한다는 주장이다 코로나피해자영업총연합 회원들이 30일 서울 여의도 국회 앞에서 2023년도 최저임금 관련 자영업자 입장 발표 기자회견을 하며 최저임금 관련 규탄 구호를 외치고 있다  사진 뉴시스 최근 자영업자와 소상공인들이 많이 찾는 온라인 커뮤니티에는 주휴수당 폐지를 주장하는 글이 잇따라 올라오고 있다 주휴수당은 일주일에 하루를 쉬는 날로 보장하고 임금도 함께 지급하는 제도다  주 15시간 일한 근로자는 일주일마다 하루 유급휴일을 받을 수 있다  1953년 근로기준법 제정 당시 휴일도 없이 장시간 노동하며 저임금을 받는 근로자들을 보호하자는 취지에서 도입됐다 하지만 자영업자와 소상공인을 중심으로는 주휴수당을 폐지해야 한다는 목소리가 높다  근 몇 년 사이 최저임금이 가파르게 상승하며 영세 자영업자들의 인건비 부담이 커졌기 때문이다 내년도 최저임금인 9620원을 기준으로 계산하면 주휴수당을 포함한 실질 시급은 1만1544원  월급 월 노동시간 209시간 기준 은 201만580원이 된다 특히 주휴수당이  무노동 무임금  원칙에 위배된다는 지적이 제기되면서 시대에 맞게 주휴수당 폐지를 공론화해야 한다는 주장이 나온다 한 자영업자는  최저임금 오르는 건 이해한다  하지만 주휴수당은 일을 하지 않는데 왜 급여가 발생하냐 며  일하지 않는 시간에 급여를 줘야 하는 이유가 전혀 없다 고 꼬집었다  또 다른 자영업자는  정규직처럼 최소 1 2년 이상 다니는 사람들이야 주휴수당을 주는 게 맞더라도 길게는 1년  짧게는 한두 달 다니다가 수틀리면 나가는 아르바이트생들한테까지 주휴수당이랑 건강보험  연금을 왜 적용하는지 모르겠다 고 토로했다 그런가 하면  예전 경제개발시대 때는 기본급이 낮으니  임금을  보충해 주는 차원에서 줬는데 지금 시대에는 전혀 안 맞는다  등 주휴수당 제도가 시대에 뒤떨어진다는 지적도 나왔다 상황이 이렇다 보니 자영업자들 사이에서는 주휴수당 지급 의무가 없는 주 15시간 이하로 직원을 고용하는 이른바  쪼개기 고용 을 하는 사례가 늘고 있다  이 탓에 벌이가 충분하지 못한 이들은 여러 단기 일자리를 전전하는  메뚜기 알바 로 몰리고 있다 한편 한국외식업중앙회와 한국유흥음식업중앙회 등 자영업자 단체 14곳으로 구성된  코로나피해자영업총연합 은 지난 30일 서울 여의도 국회 정문 앞에서 기자회견을 열고 최저임금위원회의 최저임금 인상 결정을 규탄하며 주휴수당 폐지를 촉구했다 
삼성전자·SK하이닉스 6일만에 또 신저가…업황 부진 우려,2022-07-01,외국인 대량 매도 마이크론 실적 부진 예고에 투자심리 악화삼성전자 SK하이닉스 CG  연합뉴스TV 제공  서울 연합뉴스  김아람 기자   반도체 업황 부진 우려가 확산하면서 1일 증시에서 삼성전자와 SK하이닉스가 재차 52주 신저가로 추락했다 이날 유가증권시장에서 삼성전자는 전 거래일보다 1 40% 내린 5만6천200원에 거래를 마쳤다  SK하이닉스는 3 85% 급락한 8만7천500원에 마감했다 종가 기준으로 삼성전자는 2020년 9월 4일 5만5천600원  이후 최저가를 기록했다 SK하이닉스도 2020년 11월 11일 8만7천원  이후 가장 낮다 장중에는 삼성전자가 5만5천900원  SK하이닉스는 8만7천100원까지 각각 떨어졌다  두 종목 모두 지난달 23일 이후 6거래일 만에 52주 신저가를 경신했다 이날 외국인은 삼성전자를 2천229억원어치 순매도했다  SK하이닉스의 경우 외국인과 기관이 각각 897억원  341억원 매도 우위를 보였다 최근 반도체 업황 불안에 하락세를 이어온 삼성전자와 SK하이닉스 주가는 미국 반도체 업체 마이크론의 실적 부진 예고에 낙폭을 키웠다 마이크론은 전날 실적 발표에서 이번 분기 매출이 시장 전망치에 크게 못 미칠 것으로 전망했다 물가 상승과 중국 경제 둔화  러시아의 우크라이나 침공으로 인한 소비자 지출 감소 등으로 PC와 스마트폰 수요가 예상보다 저조하다고 마이크론은 설명했다 이에 마이크론  1 32% 을 비롯해 엔비디아  2 46%   AMD  1 95%  등 미국 반도체주가 줄줄이 큰 폭으로 하락했다 케이프투자증권은 이날 삼성전자의 2분기 실적이 시장 전망치를 하회할 것으로 전망하며 목표주가를 10만원에서 9만원으로 하향 조정했다 박성순 케이프투자증권 연구원은  1분기에 이어 대외 악재가 지속되는 환경 이라며  경기 둔화 가능성으로 정보기술 IT  수요 부진 우려가 확대하고 있으며  시장은 수요의 버팀목인 서버 고객의 구매 감소를 우려하고 있다 고 설명했다 rice yna co kr
증시 침체되는데…현대오일·케이뱅크 정면돌파하나,2022-07-01,기사내용 요약증시 침체에 올들어 공모주 성적도 저조현대오일  예비심사 통과 신청 6개월 만케이뱅크  예비심사 신청 상장 본격화컬리 증권신고서 제출  쏘카 심사결과 대기 서울 뉴시스  이영환 기자   LG에너지솔루션 공모주 청약 마지막날인 19일 오후 서울 여의도 신한금융투자에서 투자자들이 상담을 받고 있다  이날 LG에너지솔루션은 증거금이 80조원을 넘어셨으며 공모주 청약을 마치고 오는 27일 유가증권시장에 상장할 예정이다  2022 01 19  20hwan newsis com 서울 뉴시스  이승주 기자   현대오일뱅크와 케이뱅크 등이 상장 절차를 본격화한다  미국발 긴축정책에 국내 증시가 침체되면서 올들어 공모주 시장이 저조한 성적을 이어가자  업계에서는 공모절차를 미룰 것이란 예측도 나왔지만 연내 상장을 목표로 정면돌파할 것으로 예상된다 1일 금융투자업계 등에 따르면 올해 대어급 공모주로 꼽히는 현대오일뱅크와 케이뱅크 등이 연내 상장을 목표로 공모 절차를 추진 중이다  마켓컬리도 이르면 연내 상장을 추진할 것으로 예상된다 한국거래소 유가증권시장본부는 현대오일뱅크 주권 신규상장 예비심사 결과  상장 요건을 충족하고 있어 상장에 적격한 것으로 확정했다고 30일 밝혔다  이번 심사 통과는 현대오일뱅크가 지난해 12월13일 상장예비심사청구서를 제출한 지 약 6개월 만이다 업계에서는 예비심사 결과가 다른 종목 대비 지연되는 데다  최근 증시도 약세를 보이고 있어 연내 상장을 추진하기 어려울 것이란 전망도 나왔다 공모주 성적도 지난 2년 대비 저조한 것도 이 같은 우려를 키웠다  큐더스에서 상반기 IPO시장을 분석한 데이터에 따르면 올들어 국내 증권시장에 상장한 기업 32개사 중 상장 첫날 공모가의 160% 가격에 직행하는  따상 공모가 2배에 시초가  이후 상한가  은 지난 30일  삼성스팩 6호  외에 없을 정도다 수요예측 결과를 토대로 결정되는 공모가도 희망밴드 상단에서 결정된 기업도 17개로 전년 동기 38개사  대비 감소했다 큐더스 관계자는  공모가 상단이나 이를 초과해서 결정된 기업 대다수가 공모금액이 500억원 미만의 중소기업이었다 며  보로노이 상장을 시작으로 하반기에 에이프릴바이오와 샤폐론  바이오노트 등 바이오 기업 IPO도 예정됐다  상반기에 위축됐던 투자심리가 하반기에는 회복될 수 있을지 지켜볼 부분 이라고 말했다  서울 뉴시스  조수정 기자   현대오일뱅크가 지난해 20조 6066억원 매출을 기록했다  영업이익은 창사 최대 규모인 1조1424억원이다  사진은 8일 오전 서울 시내 한 현대오일뱅크 직영 주유소  2022 02 08  chocrystal newsis com하지만 IPO 기업공개  업계 등에 따르면 증시 상황이 좋지 않지만 현대오일뱅크와 케이뱅크  컬리  쏘카 등은 되도록 연내 상장을 추진할 것이란 전망이 우세하다 앞서 현대오일뱅크는 2012년  2018년 두 차례에 걸쳐 상장을 추진했지만 업황 악화 등의 영향으로 철회한 만큼  또 미루기에 부담스러울 것이란 판단도 깔려있다  이르면 다음 달 증권신고서를 제출하고 올해 9 10월 본격적인 IPO 기업공개  절차에 돌입할 것으로 보고 있다  대표 주관사는 NH투자  KB증권  크레디트스위스 CS 증권이다  공동 주관사는 미래에셋증권  하나금융투자  뱅크오브아메리카다 현대오일뱅크는 1964년에 설립된 석유 정제품 제조 기업이다  최대주주인 현대중공업지주와 특수관계인이 74 1%의 지분을 보유하고 있으며  17%의 지분을 보유한 사우디아라비아 국영 기업 아람코가 2대 주주다  지난해 별도 재무제표 기준 매출액은 20조 3189억원  영업이익은 5653억원을 기록했다 인터넷전문은행 케이뱅크도 지난 30일 한국거래소에 주권 상장예비심사 신청서를 접수하며 상장 절차를 본격화했다  앞서 예비심사 청구 일정이 예상보다 늦어지면서 공모절차를 미루는 것 아니냐는 전망도 나왔지만  이르면 연내 상장이 가능할 것으로 보고 있다  대표 주관사는 NH투자증권  씨티증권  JP모건 서울지점이다  재판매 및 DB 금지2016년 설립된 케이뱅크는 지난해 개별 기준 영업수익과 당기순이익 각 2878억원  225억원을 기록했다  총자산과 자기자본은 각 13조3336억 원  1조7381억 원 규모다  최대주주는 BC카드로  33 7%의 지분을 보유하고 있다 이 밖에 컬리와 쏘카도 연내 상장을 추진할 지 주목된다  쏘카는 지난 24일 금융위원회에 증권신고서를 제출했다  상장주관은 미래에셋증권이 맡았다 컬리는 지난 3월28일 예비심사를 청구한 뒤 결과를 기다리는 중이다  상장주관사는 한국투자증권과 NH투자증권  제이피모간증권회사다 사측 관계자는  이전보다 거래소 승인 기간이 늦어지면서 3개월에서 길게는 6개월 이상 소요되는 상황이다  저희도 아직 승인이 나지 않은 상황이라 상장 관련 추후 일정에 대해 확정해서 말하기 어려운 상황 이라면서도  만약 승인이 난다면 시장 친화적이면서도 좋은 가치를 받을 수 있도록 최선을 다하겠다 고 말한 바 있다 
'소상공인 손실보상금' 1분기분 12만개사 지급,2022-07-01,기사내용 요약1일 오후 2시 12만5449개사 신청 완료금액 확정 신속보상 63만개사 문자발송 서울 뉴시스  김근수기자   올해 1분기 코로나19 소상공인 손실보상 지급이 시작된 30일 오후 서울 종로구 소상공인시장진흥공단 서울중부센터에 손실보상 안내문이 놓여있다  2022 06 30  ks newsis com 서울 뉴시스 권안나 기자    소상공인 손실보상금  2022년 1분기분이 11만9814개사에 4933억8000만원이 집행됐다 중소벤처기업부 중기부 는 1일 오후 2시 기준 12만5449개사 5264억5000만원 규모 가 2022년 1분기분 손실보상금 신청을 완료했다고 밝혔다 올해 1분기 손실보상 대상은 2022년 1월1일부터 3월31일까지 영업시간 제한  시설 인원제한 조치를 이행한 소상공인 소기업 및 연매출 30억원 이하 중기업 중 매출이 감소한 94만개사이다 보상규모는 3조5000억원으로 추정된다  이번 지급부터 연매출 30억원 이하 중기업까지 보상대상을 확대했다  보정률은 90%에서 100%로  분기별 하한액은 50만원에서 100만원으로 상향했다 중기부는 지난달 30일부터 올해 1분기분 손실보상 신속보상 대상 중 금액이 확정된 63만개사 사업체에 대해 지급을 실시했다  현재 63만개사에 대한 문자발송과 신청 지급을 진행중이다 첫 10일간은 사업자등록번호 끝자리를 기준으로 5부제를 운영한다  내달 15일까지는 보상금을 매일 4회 지급한다  오후 4시까지 신청하면 당일에 보상금을 받을 수 있다 온라인 신청이 어려운 소상공인 등은 내달 11일부터 오프라인 신청도 가능하다  같은달 11일부터 22일까지 10일간 사업자등록번호 끝자리를 기준으로 홀짝제를 운영한다 신속보상 대상에 포함되어 있지 않거나 확인요청   신속보상 금액에 동의하지 않은 확인보상  소상공인 등은 내달 5일부터 온라인으로  같은달 11일부터 오프라인으로 신청이 가능하다 
"현대차 ‘아이오닉5’, 美 안전도테스트서 최고 등급",2022-07-01,현대자동차는 미국 고속도로 안전보험협회 IIHS 가 지난달 30일 현지시각  발표한 충돌평가에서 아이오닉 5가 최고 등급인  톱 세이프티 픽 플러스 TSP   를 획득했다고 1일 밝혔다 1959년 설립된 비영리단체 IIHS는 미국 보험업계 사고 처리를 돕기 위한 목적으로 1995년부터 차량 평가를 시작했다  매년 미국에서 출시된 신차의 충돌 안전  예방 성능을 종합적으로 시험해 결과를 발표하고 있다  최우수 등급은  TSP    그 바로 아래 우수 등급이  TSP 다  IIHS는 정면충돌 테스트의 경우 콘크리트 벽에 테스트용 차를 시속 64km로 부딪히게 하는 등 가장 엄격한 안전도 평가 시스템을 갖춘 곳으로 손꼽힌다 TSP  등급을 받기 위해선 까다로운 조건을 충족해야 한다  TSP는 6개 충돌 안전 항목 운전석 조수석 스몰 오버랩 등 에서 최고등급인  훌륭함   전방 충돌방지와 전조등 평가에선 두 번째 평가 등급인  우수함 과  양호함  이상의 평가를 받아야 한다  TSP 는 이 평가 등급의 헤드라이트가 모든 트림에 장착돼 있어야 한다 이 모든 조건을 충족시킨 아이오닉 5는 현대차의 TSP  클럽 다섯 번째 가입자로 이름을 올렸다  이전에 IIHS로부터 최고등급을 받은 현대차 모델은 투싼  싼타페  팰리세이드  넥쏘 등이었다  아이오닉 5는 지난해 10월 유럽 각국 정부와 소비자 단체가 참여한 유럽 신차 안전성 평가 프로그램  유로 NCAP 에서도 최고 안전 등급 별 5개 을 획득한 바 있다 현대차 관계자는  아이오닉 5는 현대차의 전기차 브랜드인  아이오닉  첫 번째 모델이자 현대차그룹의 전기차 전용 플랫폼 E GMP 이 처음 적용된 모델 이라며  세계에서 가장 엄격한 자동차 안전성 평가서 최고 안정성을 입증했다는 면에서 의미가 크다 고 강조했다 
"월성 원전 방문한 이준석 ""원전 의존도 다시 높여야""",2022-07-01, 30일 경북 경주 월성원전의 사용후핵연료 임시저장시설 맥스터 을 둘러보고 있는 국민의힘 이준석 대표 한국수력원자력 월성본부 제공 연합뉴스  윤석열 정부가 원전 산업 정상화에 나선 가운데  국민의힘 이준석 대표가 30일 경북 경주에 있는 월성원전의 사용후핵연료 임시저장시설을 찾았습니다 이 대표는 월성원전 관계자들과 만나 저렴하면서도 안전하고 깨끗한 에너지원 확보가 중요하다며  다시 원전 의존도를 높여가는 방향성을 갖고 있다고 밝혔습니다 또 이번 정부에서 원전 가동률과 에너지효율을 높이는 방향으로 가야 한다면서  기술적  정책적으로도 그런 방향을 갖고 공부하겠다고 덧붙였습니다 다만 사용후핵연료 저장시설 건설 과정에서 생길 수 있는 지역 내 갈등을 해소하기 위해 시민사회와 어떻게 협력할지 등을 정당으로서 살펴야 할 것이라고 설명했습니다 
"월성 원전 방문한 이준석 ""원전 의존도 다시 높여야""",2022-07-01, 30일 경북 경주 월성원전의 사용후핵연료 임시저장시설 맥스터 을 둘러보고 있는 국민의힘 이준석 대표 한국수력원자력 월성본부 제공 연합뉴스  윤석열 정부가 원전 산업 정상화에 나선 가운데  국민의힘 이준석 대표가 30일 경북 경주에 있는 월성원전의 사용후핵연료 임시저장시설을 찾았습니다 이 대표는 월성원전 관계자들과 만나 저렴하면서도 안전하고 깨끗한 에너지원 확보가 중요하다며  다시 원전 의존도를 높여가는 방향성을 갖고 있다고 밝혔습니다 또 이번 정부에서 원전 가동률과 에너지효율을 높이는 방향으로 가야 한다면서  기술적  정책적으로도 그런 방향을 갖고 공부하겠다고 덧붙였습니다 다만 사용후핵연료 저장시설 건설 과정에서 생길 수 있는 지역 내 갈등을 해소하기 위해 시민사회와 어떻게 협력할지 등을 정당으로서 살펴야 할 것이라고 설명했습니다 
고유가에 실적‧주가 ‘휘청’…위기의 롯데케미칼,2022-07-01,배터리 소재‧수소 등 친환경 사업으로 도약할까김교현 롯데케미칼 부회장   사진 롯데케미칼 고유가로 원가 부담이 가중되면서 실적과 주가 모두에서 부진한 성적을 기록하고 있는 롯데케미칼이 친환경 사업 확대에 속도를 내고 있다  롯데케미칼은 그간 국내 다른 석유화학업체들과 비교해 상대적으로 친환경 사업으로의 전환 속도가 늦다는 평가를 받아왔는데  최근 배터리 소재  수소 등의 사업 확장에 박차를 가하고 있는 분위기다  롯데케미칼이 대내외 악재를 뚫고 친환경 사업 등을 토대로 재도약할 수 있을지 주목된다 1일 금융정보업체 에프앤가이드에 따르면 이날 기준으로 롯데케미칼의 2분기 연결기준 영업이익 컨센서스 증권사 전망치 평균 는 618억원으로 집계됐다  연간 연결기준 영업이익 컨센서스는 5244억원으로 나타났다  롯데케미칼의 지난해 연결기준 영업이익이 1조5356억원에 달한다는 점을 감안하면 대폭 줄어든 수치다  국제유가 상승에 원가 부담이 커지면서 실적 부진이 지속될 것이란 전망이다 롯데케미칼 주가 역시 좀처럼 반등 기미를 보이지 않고 있다  전날 6월 30일  롯데케미칼 주가는 전일보다 2 96% 하락한 18만원에 마감해 52주 신저가를 기록했다  종가 기준으로 지난해 6월 30일 롯데케미칼 주가 26만2500원 와 비교하면 아쉬운 주가 흐름이다  다만 이날 롯데케미칼 주가는 전일보다 2 50% 오른 18만4500원에 거래를 마쳤다 증권업계에선 올해 롯데케미칼 실적에 대해 엇갈린 전망이 나온다  한편에선 올해 고유가 상황이 지속되면서 롯데케미칼을 비롯한 석유화학업체들이 전반적으로 실적 악화에 시달릴 것이란 의견이 나온다  다른 한편에선 상반기와 비교해 하반기에 고유가 상황이 다소 진정되고 원가 부담이 완화되면서 3분기부터 석유화학업체들의 실적 개선이 기대된다는 예측도 제기된다  실탄은 충분  친환경 사업에  심혈 롯데케미칼은 올해 실적과 주가 모두 부진한 성적을 기록하고 있는 와중에 친환경 사업 확대에 속도를 내고 있다  롯데케미칼은 2021년 5월 대산공장 내에 약 2100억원을 투입해 국내 최초 배터리용 전해액 유기용매 제품인 EC 에틸렌 카보네이트 와 DMC 디메틸 카보네이트  공장 건설을 발표한 이후  추가로 약 1400억원을 투자해 EMC 에틸 메틸 카보네이트   DEC 디 에틸 카보네이트  생산을 추진한다  전기자동차에 들어가는 리튬이온 배터리 소재인 전해액 유기용매의 핵심 소재 4종을 모두 생산하겠다는 것이다 여기에 롯데케미칼은 블루수소 화석연료를 이용해 수소를 생산하는 과정에서 발생한 이산화탄소를 포집 저장한 수소  생산을 위한 하이브리드 이산화탄소 포집 액화 공정 기술 개발에도 나선 상태다  롯데케미칼은 과학기술정보통신부 CCU 이산화탄소 포집 및 활용  분야 국책 과제에 참여하는 12개 기관 중 공동 연구기관으로 선정됐는데  일일 100t 이상의 이산화탄소를 포집해 활용하는 공정을 개발 중이다 석유화학업계에선 롯데케미칼의 재무 상황 등을 감안하면 향후 친환경 사업 확대를 위한 자금 동원력은 충분할 것이란 의견이 많다  롯데케미칼의 부채비율이 지속 증가하고 있는 상황이긴 하지만  여전히 60% 미만 수준인 데다  1분기 말 기준으로 유동자산 1년 이내에 환금할 수 있는 자산 도 10조원에 육박하는 등 재무 구조 탄탄하기 때문이다 
"현대차 ‘아이오닉5’, 美 안전도테스트서 최고 등급",2022-07-01,현대자동차는 미국 고속도로 안전보험협회 IIHS 가 지난달 30일 현지시각  발표한 충돌평가에서 아이오닉 5가 최고 등급인  톱 세이프티 픽 플러스 TSP   를 획득했다고 1일 밝혔다 1959년 설립된 비영리단체 IIHS는 미국 보험업계 사고 처리를 돕기 위한 목적으로 1995년부터 차량 평가를 시작했다  매년 미국에서 출시된 신차의 충돌 안전  예방 성능을 종합적으로 시험해 결과를 발표하고 있다  최우수 등급은  TSP    그 바로 아래 우수 등급이  TSP 다  IIHS는 정면충돌 테스트의 경우 콘크리트 벽에 테스트용 차를 시속 64km로 부딪히게 하는 등 가장 엄격한 안전도 평가 시스템을 갖춘 곳으로 손꼽힌다 TSP  등급을 받기 위해선 까다로운 조건을 충족해야 한다  TSP는 6개 충돌 안전 항목 운전석 조수석 스몰 오버랩 등 에서 최고등급인  훌륭함   전방 충돌방지와 전조등 평가에선 두 번째 평가 등급인  우수함 과  양호함  이상의 평가를 받아야 한다  TSP 는 이 평가 등급의 헤드라이트가 모든 트림에 장착돼 있어야 한다 이 모든 조건을 충족시킨 아이오닉 5는 현대차의 TSP  클럽 다섯 번째 가입자로 이름을 올렸다  이전에 IIHS로부터 최고등급을 받은 현대차 모델은 투싼  싼타페  팰리세이드  넥쏘 등이었다  아이오닉 5는 지난해 10월 유럽 각국 정부와 소비자 단체가 참여한 유럽 신차 안전성 평가 프로그램  유로 NCAP 에서도 최고 안전 등급 별 5개 을 획득한 바 있다 현대차 관계자는  아이오닉 5는 현대차의 전기차 브랜드인  아이오닉  첫 번째 모델이자 현대차그룹의 전기차 전용 플랫폼 E GMP 이 처음 적용된 모델 이라며  세계에서 가장 엄격한 자동차 안전성 평가서 최고 안정성을 입증했다는 면에서 의미가 크다 고 강조했다 
우리 이어 신한은행도 거액 외환 이상 거래 정황…금감원 검사,2022-07-01,신한은행 신한은행 제공 재판매 및 DB 금지  서울 연합뉴스  심재훈 기자   우리은행에 이어 신한은행에서도 통상적인 범위를 벗어난 거액의 외환거래가 지속돼온 정황이 파악돼 금융감독원이 수시 검사에 착수했다 1일 금융권에 따르면 금감원은 신한은행으로부터 외국환 이상 거래 현황을 보고 받고 지난달 30일 해당 지점에 대한 현장 검사에 착수한 것으로 전해졌다 신한은행의 정확한 외국환 이상 거래 액수는 밝혀지지 않았지만  우리은행의 8천억원 규모에 버금가는 것으로 알려졌다 금융권 고위 관계자는  우리은행에 이어 신한은행에서도 거액의 외환거래 의심 정황이 파악돼 금감원이 검사에 나선 걸로 알고 있다 고 말했다 앞서 우리은행은 서울의 한 지점에서 최근 1년 동안 8천억원 가량이 외환거래를 통해 복수의 법인에서 복수의 법인으로 송금된 사실을 내부 감사를 통해 포착해 지난주 금감원에 보고했다 우리은행은 수입대금 결제 명목으로 이뤄진 이번 거래 규모가 해당 지점이 통상적으로 다루던 수준보다 크고  거래한 법인 자체를 고려해도 상당히 큰 수준이어서 의심 거래로 판단했다 금감원은 우리은행 해당 지점에 대한 현장 검사를 통해 자금 세탁 등 외국환거래법 위반이 있는지를 들여다보고 있다president21 yna co kr
"""생각보다 덜 내렸네""…유류세 인하 37% 첫날, 휘발유 15원↓",2022-07-01, 수원 뉴스1  김영운 기자   정부의 유류세 추가 인하 조치 첫날인 1일 오후 경기 수원시의 한 주유소에서 자동차들이 기름을 넣기 위해 줄 서 있다  정부는 이날부터 유류세 인하 폭을 30%에서 37%로 확대했다  2022 7 1 뉴스11일부터 유류세 인하폭이 37%로 확대된 가운데 전국 평균 휘발유 가격이 리터 ℓ 당 15원  경유 가격이 9원 가량 떨어진 것으로 나타났다  이는 정부가 예상했던 기름값 안정효과에는 아직 못 미치는 수준이다  전국 주유소의 80%에 달하는 자영주유소가 기존 석유제품을 전부 소진하기까진 시일이 소요되기 때문이다 이날 기획재정부 등 관계부처에 따르면 7월부터 유류세 인하폭이 30%에서 37%로 확대 적용됐다  한국석유공사 유가정보서비스 오피넷에 따르면 이날 오후 전국 평균 주유소 휘발유 가격은 전날보다 14 50원 내린 리터 ℓ 당 2130 40원  전국 평균 경유 가격은 9 01원 내린 ℓ당 2158 65원이다  정부가 예상했던 유류세 인하폭 7%포인트 p  확대 효과인  휘발유 기준 ℓ당 57원  경유 기준 ℓ당 38원 에는 미치지 못하는 수준이다 국내 정유사의 직영 주유소  알뜰주유소는 주유소 판매 가격에 유류세의 인하분을 반영했다  다만 전체 1만1000여개 주유소의 80% 이상을 차지하는 자영주유소는 기존 석유제품 재고를 소진하기까지 유류세의 인하분 반영이 어려운 상황이다  방기선 기재부 1차관은 이날 개최한  제2차 비상경제차관회의 에서  정유사 직영주유소에서는 오늘 시행 즉시 가격을 인하하고  자영주유소에서도 최대한 조속히 인하된 물량이 공급될 수 있도록 비상운송계획을 통해 물량 공급에 차질이 없도록 준비하겠다 고 밝혔다 다만 유류세 인하에도 국제유가 급등하게 된다면 소비자들은 유류세 추가 인하 효과를 체감하기 어려울 수 있다  다행히도 최근들어 국제유가는 하락세를 보이고 있다  이날 뉴욕상업거래소 NYMEX 에 따르면 전날 기준 서부텍사스유 WTI 는 배럴당 105 76달러에 거래를 마쳤다  전날 109 78달러  대비 4 02달러 하락했고 2주 전인 6월13일 120 93달러 에 비해선 약 13% 15 17달러  떨어진 수준이다  이러한 국제유가는 2 3주 정도 시차를 두고 국내 주유소의 석유제품 가격에 반영된다 한편 정부의 예상대로 유류세 37% 인하 효과가 온전히 반영되더라도 기름값은 2100원 수준을 유지할 것으로 보인다  사실상 유류세 인하 대책만으로 과거와 같은 낮은 기름값을 체감하긴 어렵다는 지적이 나오는 이유다  이에 국회에선  교통 에너지 환경세법  등을 개정  유류세율 조정 가능폭을 50%로 확대해 기름값을 더 낮추는 방안을 논의 중이다 
